"subj";"group";"tree";"cat";"rt"
0;0;0;0;6,30991827822652
0;0;0;0;6,37672694789863
0;0;0;0;6,44413125670044
0;0;0;0;6,52795791762255
0;0;0;0;6,38012253689976
0;0;0;0;6,39526159811545
0;0;0;0;6,41673228251233
0;0;0;0;6,28226674689601
0;0;0;0;6,41999492814714
0;0;0;0;6,50578406012823
0;0;0;0;6,96602418710611
0;0;0;0;6,64378973314767
0;0;0;0;6,16120732169508
0;0;0;0;6,44730586254121
0;0;0;0;6,5792512120101
0;0;0;0;6,42324696353352
0;0;0;0;6,5510803350434
0;0;0;0;6,26149168432104
0;0;0;0;6,55535689181067
0;0;0;0;6,40522845803084
0;0;0;0;6,46146817635372
0;0;0;0;6,85224256905188
0;0;0;0;6,40191719672719
0;0;0;0;6,59167373200866
0;0;0;0;6,53813982376767
0;0;0;0;6,54534966033442
0;0;0;1;6,75925527066369
0;0;0;1;7,2211050981825
0;0;0;1;6,44730586254121
0;0;0;1;6,93244789157251
0;0;1;2;6,69950034016168
0;0;1;2;6,97260625130175
0;0;1;3;6,43615036836943
0;0;1;3;6,46302945692067
0;0;1;3;6,63200177739563
0;0;1;3;6,90775527898214
0;0;1;3;6,59987049921284
0;0;1;3;7,06902342657826
0;0;1;3;6,60123011872888
0;0;1;3;6,60258789218934
0;0;1;3;6,35262939631957
0;0;1;3;6,48004456192665
0;0;1;3;6,74523634948436
0;0;1;3;6,4707995037826
0;0;1;3;6,61069604471776
0;0;1;3;6,37842618365159
0;0;1;3;6,50279004591562
0;0;1;3;6,67329796776765
0;0;1;3;6,56807791141198
0;0;1;3;6,56385552653213
0;0;1;3;7,27100853828099
0;0;1;3;6,5366915975913
0;0;1;3;6,80572255341699
0;0;1;3;6,38687931936265
0;0;1;3;6,48920493132532
0;0;1;3;6,59441345974978
0;0;1;3;6,25958146406492
0;0;1;3;6,41836493593621
0;0;1;3;6,99117688712121
0;0;1;3;6,81783057145415
1;0;0;0;6,71417052990947
1;0;0;0;6,49677499018586
1;0;0;0;6,30627528694802
1;0;0;0;6,36990098282823
1;0;0;0;6,35610766069589
1;0;0;0;6,92362862813843
1;0;0;0;6,89669433162271
1;0;0;0;6,33859407820318
1;0;0;0;6,58617165485467
1;0;0;0;6,50128967054039
1;0;0;0;6,86484777797086
1;0;0;0;6,51174532964473
1;0;0;0;6,45990445437753
1;0;0;0;6,51025834052315
1;0;0;0;7,04925484125584
1;0;0;0;6,08677472691231
1;0;0;0;6,48463523563525
1;0;0;0;6,46146817635372
1;0;0;0;6,4085287910595
1;0;0;0;6,43294009273918
1;0;0;0;6,43454651878745
1;0;0;0;6,59441345974978
1;0;0;0;6,51471269087253
1;0;0;0;6,92461239604856
1;0;0;1;6,92755790627832
1;0;0;1;6,85751406254539
1;0;0;1;6,61873898351722
1;0;0;1;6,82437367004309
1;0;0;1;6,9555926083963
1;0;0;1;6,74758652682932
1;0;1;2;6,74051935960622
1;0;1;2;6,36475075685191
1;0;1;2;6,70686233660275
1;0;1;2;6,80461452006262
1;0;1;3;6,6631326959908
1;0;1;3;6,67329796776765
1;0;1;3;6,67708346124714
1;0;1;3;6,16120732169508
1;0;1;3;6,88346258641309
1;0;1;3;6,32256523992728
1;0;1;3;6,83410873881384
1;0;1;3;6,40025744530882
1;0;1;3;6,5206211275587
1;0;1;3;6,35610766069589
1;0;1;3;6,78897174299217
1;0;1;3;7,07157336421153
1;0;1;3;6,96034772910131
1;0;1;3;6,45833828334479
1;0;1;3;6,86066367144829
1;0;1;3;6,62936325343745
1;0;1;3;6,62539236800796
1;0;1;3;6,25575004175337
1;0;1;3;6,75809450442773
1;0;1;3;6,60665018619822
1;0;1;3;6,95463886488099
1;0;1;3;6,24997524225948
1;0;1;3;6,65929391968364
1;0;1;3;6,66440902035041
1;0;1;3;6,73221070646721
1;0;1;3;6,58617165485467
2;0;0;0;6,37842618365159
2;0;0;0;6,25575004175337
2;0;0;0;6,44571981938558
2;0;0;0;6,69579891705849
2;0;0;0;6,60394382460047
2;0;0;0;6,61472560020376
2;0;0;0;6,19031540585315
2;0;0;0;6,35088571671474
2;0;0;0;6,44730586254121
2;0;0;0;6,12905021006055
2;0;0;0;6,49677499018586
2;0;0;0;6,78445706263764
2;0;0;0;6,53813982376767
2;0;0;0;6,86797440897029
2;0;0;0;6,52795791762255
2;0;0;0;6,62140565176413
2;0;0;0;6,2841341610708
2;0;0;0;6,66440902035041
2;0;0;0;6,1779441140506
2;0;0;0;6,71417052990947
2;0;0;1;6,80682936039218
2;0;0;1;6,7202201551353
2;0;0;1;6,4118182677099
2;0;0;1;6,46146817635372
2;0;0;1;6,32793678372919
2;0;0;1;7,08506429395255
2;0;0;1;7,45645455517621
2;0;0;1;6,52209279817015
2;0;0;1;6,49526555593701
2;0;0;1;6,65157187358973
2;0;1;2;6,44888939414686
2;0;1;2;6,3750248198281
2;0;1;2;6,78105762593618
2;0;1;2;6,73578001424233
2;0;1;2;6,93244789157251
2;0;1;2;6,58063913728495
2;0;1;2;6,50876913697168
2;0;1;2;6,98007594056176
2;0;1;2;6,75576892198425
2;0;1;3;6,41673228251233
2;0;1;3;6,40687998606931
2;0;1;3;6,64898455002478
2;0;1;3;6,37161184723186
2;0;1;3;6,50128967054039
2;0;1;3;6,64248680136726
2;0;1;3;6,58479139238572
2;0;1;3;6,40522845803084
2;0;1;3;6,27476202124194
2;0;1;3;6,81783057145415
2;0;1;3;6,64768837356333
2;0;1;3;6,84694313958538
2;0;1;3;6,48920493132532
2;0;1;3;6,54965074223381
2;0;1;3;6,36647044773144
2;0;1;3;6,5424719605068
2;0;1;3;6,39692965521615
2;0;1;3;6,73696695800186
2;0;1;3;6,31535800152233
2;0;1;3;6,30627528694802
2;0;1;3;6,76041469108343
3;0;0;0;6,64118216974059
3;0;0;0;6,82219739062049
3;0;0;0;6,12029741895095
3;0;0;0;6,05208916892442
3;0;0;0;6,57228254269401
3;0;0;0;6,68710860786651
3;0;0;0;6,66185474054531
3;0;0;0;6,62273632394984
3;0;0;0;6,57228254269401
3;0;0;0;6,70073110954781
3;0;0;0;6,52356230614951
3;0;0;0;6,26149168432104
3;0;0;0;6,5424719605068
3;0;0;0;6,69950034016168
3;0;0;0;6,96508034560141
3;0;0;0;6,68835471394676
3;0;0;0;6,51323011091231
3;0;0;1;7,14834574390007
3;0;0;1;6,43294009273918
3;0;0;1;6,86901445066571
3;0;0;1;7,16549347506085
3;0;0;1;6,80903930604298
3;0;0;1;6,41017488196617
3;0;0;1;6,40191719672719
3;0;0;1;6,73340189183736
3;0;0;1;6,69579891705849
3;0;0;1;6,65157187358973
3;0;0;1;6,30809844150953
3;0;0;1;6,9555926083963
3;0;0;1;6,77764659363512
3;0;1;2;6,54534966033442
3;0;1;2;6,81783057145415
3;0;1;2;6,04263283368238
3;0;1;2;6,42486902390539
3;0;1;2;6,85856503479136
3;0;1;3;6,60123011872888
3;0;1;3;6,55393340402581
3;0;1;3;6,51025834052315
3;0;1;3;6,52356230614951
3;0;1;3;6,51767127291227
3;0;1;3;7,03614849375054
3;0;1;3;6,71659477352098
3;0;1;3;6,56103066589657
3;0;1;3;6,60800062529609
3;0;1;3;6,36818718635049
3;0;1;3;6,48004456192665
3;0;1;3;6,25766758788264
3;0;1;3;6,12905021006055
3;0;1;3;6,3750248198281
3;0;1;3;6,48768401848461
3;0;1;3;6,78558764500793
3;0;1;3;6,31716468674728
3;0;1;3;6,54678541076052
3;0;1;3;6,56807791141198
3;0;1;3;6,22059017009974
3;0;1;3;6,30627528694802
3;0;1;3;6,4150969591716
3;0;1;3;6,5792512120101
3;0;1;3;6,66440902035041
3;0;1;3;6,63987583382654
4;0;0;0;6,34212141872115
4;0;0;0;6,42324696353352
4;0;0;0;6,91373735065968
4;0;0;0;6,31896811374643
4;0;0;0;6,27476202124194
4;0;0;0;6,77650699237218
4;0;0;0;6,1779441140506
4;0;0;0;6,27476202124194
4;0;0;0;6,22653666928747
4;0;0;0;6,5424719605068
4;0;0;0;6,41017488196617
4;0;0;0;6,36990098282823
4;0;0;0;6,48157712927643
4;0;0;0;6,53958595561767
4;0;0;0;6,70563909486
4;0;0;0;6,57646956904822
4;0;0;0;6,28599809450886
4;0;0;0;6,24610676548156
4;0;0;0;6,58063913728495
4;0;0;1;7,01929665371504
4;0;0;1;6,73340189183736
4;0;0;1;6,68586094706836
4;0;0;1;7,50163445788341
4;0;0;1;6,96034772910131
4;0;0;1;6,57646956904822
4;0;0;1;7,06987412845857
4;0;0;1;6,64378973314767
4;0;0;1;6,68710860786651
4;0;0;1;6,54534966033442
4;0;0;1;6,72262979485545
4;0;1;2;6,32256523992728
4;0;1;2;6,5694814204143
4;0;1;2;6,75809450442773
4;0;1;2;6,59987049921284
4;0;1;3;6,70686233660275
4;0;1;3;6,33682573114644
4;0;1;3;6,4281052726846
4;0;1;3;6,67203294546107
4;0;1;3;6,72503364216684
4;0;1;3;6,81234509417748
4;0;1;3;6,27287700654617
4;0;1;3;6,24610676548156
4;0;1;3;6,56667242980324
4;0;1;3;6,45519856334012
4;0;1;3;6,38856140554563
4;0;1;3;6,39692965521615
4;0;1;3;6,36818718635049
4;0;1;3;6,61472560020376
4;0;1;3;6,80461452006262
4;0;1;3;6,42971947803914
4;0;1;3;7,06390396147207
4;0;1;3;6,80793494369993
4;0;1;3;6,25575004175337
4;0;1;3;6,69208374250663
4;0;1;3;6,73696695800186
4;0;1;3;6,64639051484773
4;0;1;3;6,42971947803914
4;0;1;3;6,49978704065585
4;0;1;3;6,65157187358973
4;0;1;3;6,7093043402583
5;0;0;0;6,81563999007433
5;0;0;0;6,49828214947643
5;0;0;0;6,63594655568665
5;0;0;0;6,57646956904822
5;0;0;0;6,04973345523196
5;0;0;0;6,5875500148248
5;0;0;0;6,34212141872115
5;0;0;0;6,56526497003536
5;0;0;0;6,63594655568665
5;0;0;0;6,41017488196617
5;0;0;0;6,67834211465433
5;0;0;0;6,53378883793334
5;0;0;0;6,4150969591716
5;0;0;0;6,68710860786651
5;0;0;0;6,70808408385307
5;0;0;0;6,41017488196617
5;0;0;0;6,52209279817015
5;0;0;0;6,78219205600679
5;0;0;0;6,86901445066571
5;0;0;0;6,25766758788264
5;0;0;0;6,61472560020376
5;0;0;0;6,42971947803914
5;0;0;0;6,65286302935335
5;0;0;0;6,50578406012823
5;0;0;0;6,55677835615804
5;0;0;1;6,8627579130514
5;0;0;1;5,85220247977447
5;0;0;1;6,54534966033442
5;0;0;1;6,35262939631957
5;0;0;1;6,50727771238501
5;0;1;2;6,85435450225502
5;0;1;2;6,74523634948436
5;0;1;2;6,86693328446188
5;0;1;2;6,59578051396131
5;0;1;2;6,44571981938558
5;0;1;2;6,81454289725996
5;0;1;2;6,90475076996184
5;0;1;3;6,75809450442773
5;0;1;3;6,22851100359118
5;0;1;3;5,89715386763674
5;0;1;3;6,58340922215876
5;0;1;3;5,35658627467201
5;0;1;3;6,24804287450843
5;0;1;3;6,25190388316589
5;0;1;3;6,59714570188665
5;0;1;3;6,02586597382531
5;0;1;3;5,88610403145016
5;0;1;3;6,22455842927536
5;0;1;3;6,65157187358973
5;0;1;3;5,78382518232974
5;0;1;3;6,12905021006055
5;0;1;3;6,36818718635049
5;0;1;3;5,43372200355424
5;0;1;3;5,97126183979046
5;0;1;3;6,34738920965601
5;0;1;3;6,13556489108174
5;0;1;3;6,49828214947643
5;0;1;3;6,27476202124194
5;0;1;3;6,37331978957701
5;0;1;3;6,1527326947041
6;0;0;0;6,18826412308259
6;0;0;0;6,15485809401642
6;0;0;0;6,49072353450251
6;0;0;0;6,0591231955818
6;0;0;0;6,289715570909
6;0;0;0;6,35610766069589
6;0;0;0;6,4707995037826
6;0;0;0;6,14418563412565
6;0;0;0;6,54965074223381
6;0;0;0;6,65286302935335
6;0;0;0;6,25766758788264
6;0;0;0;5,99893656194668
6;0;0;0;6,70196036600254
6;0;0;0;6,39024066706535
6;0;0;0;6,67203294546107
6;0;0;0;6,62539236800796
6;0;0;0;6,64118216974059
6;0;0;0;6,5694814204143
6;0;0;0;6,5510803350434
6;0;0;0;6,53087762772588
6;0;0;0;6,41999492814714
6;0;0;0;6,36990098282823
6;0;0;1;6,70073110954781
6;0;0;1;6,92559519711047
6;0;0;1;6,88550967003482
6;0;0;1;7,10987946307227
6;0;0;1;6,47697236288968
6;0;0;1;6,65157187358973
6;0;0;1;6,67203294546107
6;0;0;1;6,8596149036542
6;0;1;2;6,92264389147589
6;0;1;2;6,91373735065968
6;0;1;2;6,47697236288968
6;0;1;2;6,04737217904628
6;0;1;3;6,30261897574491
6;0;1;3;6,54965074223381
6;0;1;3;6,32076829425058
6;0;1;3;6,63463335786169
6;0;1;3;6,02586597382531
6;0;1;3;7,05272104923232
6;0;1;3;6,39859493453521
6;0;1;3;6,37842618365159
6;0;1;3;7,02197642307216
6;0;1;3;6,53378883793334
6;0;1;3;6,81563999007433
6;0;1;3;6,88346258641309
6;0;1;3;6,71538338633468
6;0;1;3;6,79570577517351
6;0;1;3;6,4393503711001
6;0;1;3;6,56385552653213
6;0;1;3;6,86901445066571
6;0;1;3;6,5366915975913
6;0;1;3;6,49828214947643
6;0;1;3;6,73221070646721
6;0;1;3;6,68835471394676
6;0;1;3;6,56244409369372
6;0;1;3;6,7202201551353
6;0;1;3;6,47697236288968
6;0;1;3;6,61873898351722
6;0;1;3;6,4085287910595
7;0;0;0;6,84161547647759
7;0;0;0;6,79682371827486
7;0;0;0;6,21860011969173
7;0;0;0;6,7696419768525
7;0;0;0;6,49526555593701
7;0;0;0;6,71659477352098
7;0;0;0;6,5694814204143
7;0;0;0;6,6682282484174
7;0;0;0;6,31173480915291
7;0;0;0;6,56667242980324
7;0;0;0;6,71417052990947
7;0;0;0;6,77650699237218
7;0;0;0;6,59441345974978
7;0;0;0;6,48004456192665
7;0;0;0;6,87212810133899
7;0;0;0;6,54391184556479
7;0;0;0;6,26149168432104
7;0;0;0;6,81563999007433
7;0;0;0;6,21660610108486
7;0;0;0;6,72982407048948
7;0;0;0;6,58063913728495
7;0;0;1;6,41345895716736
7;0;0;1;7,29437729928882
7;0;0;1;7,02731451403978
7;0;0;1;7,06133436691044
7;0;0;1;6,56103066589657
7;0;0;1;6,89060912014717
7;0;0;1;6,36302810354046
7;0;0;1;6,79346613258001
7;0;0;1;6,60394382460047
7;0;1;2;6,59304453414244
7;0;1;2;6,82001636467413
7;0;1;2;6,93634273583405
7;0;1;2;6,50428817353665
7;0;1;2;6,50279004591562
7;0;1;3;6,56807791141198
7;0;1;3;6,60665018619822
7;0;1;3;6,38012253689976
7;0;1;3;6,66568371778241
7;0;1;3;6,38687931936265
7;0;1;3;6,45519856334012
7;0;1;3;6,54821910276237
7;0;1;3;6,45833828334479
7;0;1;3;6,31716468674728
7;0;1;3;6,71901315438526
7;0;1;3;6,71052310945243
7;0;1;3;6,64768837356333
7;0;1;3;6,79794041297493
7;0;1;3;6,24416690066374
7;0;1;3;6,09807428216624
7;0;1;3;6,64509096950564
7;0;1;3;6,76849321164863
7;0;1;3;6,22851100359118
7;0;1;3;6,47850964220857
7;0;1;3;6,53958595561767
7;0;1;3;6,42971947803914
7;0;1;3;6,19236248947487
7;0;1;3;6,34738920965601
7;0;1;3;6,67834211465433
7;0;1;3;6,76041469108343
8;0;0;0;6,53087762772588
8;0;0;0;6,27852142416584
8;0;0;0;6,56526497003536
8;0;0;0;6,27476202124194
8;0;0;0;6,36818718635049
8;0;0;0;6,29341927884648
8;0;0;0;6,4377516497364
8;0;0;0;6,35957386867238
8;0;0;0;6,43133108193348
8;0;0;0;6,24027584517077
8;0;0;0;6,92362862813843
8;0;0;0;6,44730586254121
8;0;0;0;6,67834211465433
8;0;0;0;6,5875500148248
8;0;0;0;6,30991827822652
8;0;0;0;6,60934924316738
8;0;0;0;6,289715570909
8;0;0;0;6,38350663488401
8;0;0;0;6,58340922215876
8;0;0;0;6,31535800152233
8;0;0;0;6,52941883826223
8;0;0;0;6,42648845745769
8;0;0;0;6,43294009273918
8;0;0;0;6,51619307604296
8;0;0;0;6,53524127101366
8;0;0;1;6,64768837356333
8;0;0;1;6,77878489768518
8;0;0;1;6,27287700654617
8;0;0;1;6,86901445066571
8;0;0;1;6,86171134048073
8;0;1;2;6,36990098282823
8;0;1;2;6,77650699237218
8;0;1;2;6,63200177739563
8;0;1;2;6,76503897678054
8;0;1;2;6,74170069465205
8;0;1;2;6,68835471394676
8;0;1;2;6,70073110954781
8;0;1;2;6,57368016696065
8;0;1;2;6,70808408385307
8;0;1;2;6,39859493453521
8;0;1;3;6,30627528694802
8;0;1;3;6,39692965521615
8;0;1;3;6,4281052726846
8;0;1;3;6,49375383985169
8;0;1;3;6,73459165997295
8;0;1;3;6,68835471394676
8;0;1;3;6,87626461189077
8;0;1;3;6,45990445437753
8;0;1;3;7,09090982207998
8;0;1;3;6,42971947803914
8;0;1;3;6,74523634948436
8;0;1;3;6,41345895716736
8;0;1;3;6,23441072571837
8;0;1;3;6,27664348934164
8;0;1;3;6,5191472879404
8;0;1;3;6,42971947803914
8;0;1;3;6,7202201551353
8;0;1;3;6,6052979209482
8;0;1;3;6,4281052726846
8;0;1;3;6,31896811374643
9;0;0;0;6,92951677076365
9;0;0;0;6,55393340402581
9;0;0;0;6,55961523749324
9;0;0;0;6,61873898351722
9;0;0;0;6,59850902861452
9;0;0;0;6,18414889093748
9;0;0;0;6,68210859744981
9;0;0;0;6,62804137617953
9;0;0;0;6,58892647753352
9;0;0;0;6,74875954749168
9;0;0;0;6,58063913728495
9;0;0;0;6,70441435496411
9;0;0;0;6,58063913728495
9;0;0;0;6,75576892198425
9;0;0;0;6,3456363608286
9;0;0;0;6,71052310945243
9;0;0;0;6,97541392745595
9;0;0;0;6,7900972355139
9;0;0;0;6,35088571671474
9;0;0;0;6,53813982376767
9;0;0;0;6,50428817353665
9;0;0;0;6,91075078796194
9;0;0;0;6,48004456192665
9;0;0;1;6,85856503479136
9;0;0;1;6,67582322163485
9;0;0;1;5,84354441703136
9;0;0;1;6,46769872610435
9;0;0;1;6,43294009273918
9;0;0;1;6,12468339089421
9;0;0;1;6,56807791141198
9;0;1;2;6,75693238924755
9;0;1;2;6,96508034560141
9;0;1;2;6,77308037565554
9;0;1;2;6,85751406254539
9;0;1;3;6,53087762772588
9;0;1;3;6,47850964220857
9;0;1;3;6,53378883793334
9;0;1;3;6,23441072571837
9;0;1;3;6,39859493453521
9;0;1;3;6,58063913728495
9;0;1;3;6,33150184989369
9;0;1;3;6,21060007702465
9;0;1;3;5,6970934865054
9;0;1;3;6,61472560020376
9;0;1;3;6,25382881157547
9;0;1;3;5,72031177660741
9;0;1;3;6,63068338564237
9;0;1;3;6,58892647753352
9;0;1;3;6,23244801655052
9;0;1;3;6,08449941307517
9;0;1;3;6,67329796776765
9;0;1;3;6,48920493132532
9;0;1;3;6,99942246750796
9;0;1;3;6,34388043412633
9;0;1;3;5,81413053182507
9;0;1;3;6,25766758788264
9;0;1;3;6,45833828334479
9;0;1;3;6,89365635460264
9;0;1;3;6,28599809450886
9;0;1;3;6,61873898351722
10;0;0;0;6,43615036836943
10;0;0;0;6,93244789157251
10;0;0;0;6,8501261661455
10;0;0;0;5,95324333428778
10;0;0;0;6,52209279817015
10;0;0;0;7,06133436691044
10;0;0;0;6,09807428216624
10;0;0;0;6,1527326947041
10;0;0;0;6,41017488196617
10;0;0;0;6,60665018619822
10;0;0;0;6,68210859744981
10;0;0;0;6,4118182677099
10;0;0;0;6,28599809450886
10;0;0;0;6,29341927884648
10;0;0;0;6,69332366826995
10;0;0;0;6,50876913697168
10;0;0;0;6,71174039505618
10;0;0;0;6,5410299991899
10;0;0;0;6,49677499018586
10;0;0;0;6,31716468674728
10;0;0;0;5,98896141688986
10;0;0;0;6,45362499889269
10;0;0;1;6,65544035036765
10;0;0;1;7,36707705988101
10;0;0;1;7,24850407237061
10;0;0;1;7,47873482556787
10;0;0;1;6,82001636467413
10;0;0;1;6,82979373751242
10;0;0;1;6,93731408122368
10;0;0;1;7,00306545878646
10;0;1;2;6,5875500148248
10;0;1;2;6,79234442747081
10;0;1;2;6,37672694789863
10;0;1;2;6,4281052726846
10;0;1;2;6,98564181763921
10;0;1;3;6,61204103483309
10;0;1;3;6,85118492749374
10;0;1;3;6,56807791141198
10;0;1;3;6,70073110954781
10;0;1;3;7,04403289727469
10;0;1;3;6,54965074223381
10;0;1;3;7,08170858610557
10;0;1;3;6,45833828334479
10;0;1;3;6,77992190747225
10;0;1;3;6,75925527066369
10;0;1;3;7,03614849375054
10;0;1;3;6,30991827822652
10;0;1;3;6,72982407048948
10;0;1;3;7,22983877815125
10;0;1;3;6,20455776256869
10;0;1;3;6,26909628370626
10;0;1;3;6,61472560020376
10;0;1;3;6,54965074223381
10;0;1;3;6,71295620067707
10;0;1;3;6,45362499889269
10;0;1;3;6,57088296233958
10;0;1;3;6,55819780281227
10;0;1;3;6,71295620067707
10;0;1;3;6,8351845861473
10;0;1;3;6,49526555593701
11;0;0;0;6,71780469502369
11;0;0;0;6,40357419793482
11;0;0;0;6,84800527457636
11;0;0;0;6,5875500148248
11;0;0;0;6,51323011091231
11;0;0;0;6,54821910276237
11;0;0;0;7,08590146436561
11;0;0;0;6,44094654063292
11;0;0;0;6,53233429222235
11;0;0;0;6,46769872610435
11;0;0;0;6,20859002609663
11;0;0;0;6,43454651878745
11;0;0;0;6,55961523749324
11;0;0;0;6,45204895443723
11;0;0;0;6,61204103483309
11;0;0;0;6,94119005506837
11;0;0;0;6,67959918584438
11;0;0;0;6,47543271670409
11;0;0;0;6,44888939414686
11;0;0;0;6,44730586254121
11;0;0;0;6,60800062529609
11;0;0;0;6,46769872610435
11;0;0;1;6,97728134163075
11;0;0;1;7,30586003268401
11;0;0;1;6,77536609093639
11;0;0;1;7,3790081276283
11;0;0;1;7,17472430983638
11;0;0;1;6,30444880242198
11;0;0;1;6,67203294546107
11;0;0;1;7,21597500265147
11;0;1;2;6,96979066990159
11;0;1;2;6,74993119378857
11;0;1;2;6,71052310945243
11;0;1;2;6,69456205852109
11;0;1;2;6,59850902861452
11;0;1;3;6,75110146893676
11;0;1;3;6,24222326545517
11;0;1;3;6,37672694789863
11;0;1;3;6,42971947803914
11;0;1;3;6,70808408385307
11;0;1;3;6,7286286130847
11;0;1;3;6,60800062529609
11;0;1;3;6,18620862390049
11;0;1;3;6,23244801655052
11;0;1;3;6,35957386867238
11;0;1;3;6,97447891102505
11;0;1;3;6,26530121273771
11;0;1;3;6,96034772910131
11;0;1;3;6,36475075685191
11;0;1;3;6,77078942390898
11;0;1;3;6,99759598298193
11;0;1;3;6,49375383985169
11;0;1;3;6,3578422665081
11;0;1;3;6,38856140554563
11;0;1;3;6,37672694789863
11;0;1;3;6,54965074223381
11;0;1;3;6,40025744530882
11;0;1;3;6,26530121273771
11;0;1;3;6,4831073514572
11;0;1;3;6,76272950693188
12;0;0;0;6,38350663488401
12;0;0;0;6,18001665365257
12;0;0;0;6,23048144757848
12;0;0;0;6,19847871649231
12;0;0;0;6,36990098282823
12;0;0;0;6,3919171133926
12;0;0;0;6,24222326545517
12;0;0;0;6,06610809010375
12;0;0;0;6,27287700654617
12;0;0;0;6,5366915975913
12;0;0;0;6,20657592672493
12;0;0;0;6,49677499018586
12;0;0;0;6,4707995037826
12;0;0;0;6,29894924685594
12;0;0;0;6,99301512293296
12;0;0;0;6,55819780281227
12;0;0;0;6,29710931993394
12;0;0;0;6,51619307604296
12;0;0;0;6,75693238924755
12;0;0;0;6,55677835615804
12;0;0;0;6,4150969591716
12;0;0;0;6,33327962813969
12;0;0;1;7,29709100516042
12;0;0;1;6,84054652928869
12;0;0;1;6,73696695800186
12;0;0;1;6,81234509417748
12;0;0;1;6,5694814204143
12;0;0;1;6,72743172485086
12;0;0;1;6,59167373200866
12;0;0;1;7,00124562206948
12;0;1;2;6,44730586254121
12;0;1;2;6,4085287910595
12;0;1;2;6,40357419793482
12;0;1;3;6,5510803350434
12;0;1;3;6,98193467715639
12;0;1;3;6,9555926083963
12;0;1;3;6,55393340402581
12;0;1;3;6,89162589705225
12;0;1;3;6,4118182677099
12;0;1;3;6,4831073514572
12;0;1;3;6,26149168432104
12;0;1;3;6,82871207164168
12;0;1;3;6,61069604471776
12;0;1;3;6,27287700654617
12;0;1;3;6,30261897574491
12;0;1;3;6,4393503711001
12;0;1;3;6,59441345974978
12;0;1;3;6,92264389147589
12;0;1;3;6,52941883826223
12;0;1;3;6,90675477864855
12;0;1;3;6,46458830368996
12;0;1;3;6,84587987526405
12;0;1;3;6,4723462945009
12;0;1;3;7,06219163228656
12;0;1;3;6,62007320653036
12;0;1;3;6,48920493132532
12;0;1;3;6,45833828334479
12;0;1;3;6,72623340235875
12;0;1;3;6,44730586254121
12;0;1;3;6,31716468674728
13;0;0;0;6,19440539110467
13;0;0;0;6,52941883826223
13;0;0;0;6,20455776256869
13;0;0;0;6,31535800152233
13;0;0;0;6,58063913728495
13;0;0;0;6,51619307604296
13;0;0;0;6,38012253689976
13;0;0;0;6,63068338564237
13;0;0;0;6,12249280951439
13;0;0;0;6,69084227741856
13;0;0;0;6,63068338564237
13;0;0;0;6,30444880242198
13;0;0;0;6,41999492814714
13;0;0;0;6,49677499018586
13;0;0;0;6,78332520060396
13;0;0;0;6,30444880242198
13;0;0;0;6,71174039505618
13;0;0;0;6,96034772910131
13;0;0;0;6,66568371778241
13;0;0;1;6,72743172485086
13;0;0;1;6,92559519711047
13;0;0;1;6,79682371827486
13;0;0;1;6,72383244082121
13;0;0;1;6,57228254269401
13;0;0;1;6,99117688712121
13;0;0;1;6,77878489768518
13;0;0;1;6,84268328223842
13;0;0;1;6,79682371827486
13;0;0;1;6,24997524225948
13;0;0;1;6,7990558620588
13;0;1;2;6,63987583382654
13;0;1;2;6,78105762593618
13;0;1;2;6,52209279817015
13;0;1;2;6,63856778916652
13;0;1;2;6,40687998606931
13;0;1;2;6,54965074223381
13;0;1;2;6,75227037614174
13;0;1;2;6,91968384984741
13;0;1;2;6,58479139238572
13;0;1;2;6,16331480403464
13;0;1;2;6,15697898558556
13;0;1;3;6,40522845803084
13;0;1;3;6,54391184556479
13;0;1;3;7,18462915271731
13;0;1;3;6,06842558824411
13;0;1;3;6,3818160174061
13;0;1;3;6,52502965784346
13;0;1;3;6,13988455222626
13;0;1;3;6,76041469108343
13;0;1;3;6,67203294546107
13;0;1;3;6,20859002609663
13;0;1;3;6,23244801655052
13;0;1;3;6,68085467879022
13;0;1;3;6,47697236288968
13;0;1;3;6,08449941307517
13;0;1;3;6,69826805411541
13;0;1;3;6,79122146272619
13;0;1;3;7,42297125104942
13;0;1;3;6,63594655568665
13;0;1;3;6,31354804627709
14;0;0;0;6,71901315438526
14;0;0;0;6,5206211275587
14;0;0;0;6,43615036836943
14;0;0;0;6,82979373751242
14;0;0;0;6,75343791859778
14;0;0;0;6,62671774924902
14;0;0;0;6,46302945692067
14;0;0;0;6,44888939414686
14;0;0;0;6,39359075395063
14;0;0;0;6,361302477573
14;0;0;0;6,69208374250663
14;0;0;0;6,47850964220857
14;0;0;0;6,74170069465205
14;0;0;0;6,34212141872115
14;0;0;0;6,59441345974978
14;0;0;0;6,29156913955832
14;0;0;0;6,41673228251233
14;0;0;0;6,40025744530882
14;0;0;1;6,57646956904822
14;0;0;1;6,76157276880406
14;0;0;1;6,58202513889283
14;0;0;1;6,71901315438526
14;0;0;1;6,48157712927643
14;0;0;1;6,88653164253051
14;0;0;1;6,69579891705849
14;0;0;1;6,53233429222235
14;0;0;1;6,73459165997295
14;0;0;1;7,01571242048723
14;0;0;1;6,89770494312864
14;0;0;1;6,53958595561767
14;0;1;2;6,61472560020376
14;0;1;2;6,67329796776765
14;0;1;2;7,03702761468628
14;0;1;2;6,58340922215876
14;0;1;2;6,80572255341699
14;0;1;2;6,56103066589657
14;0;1;2;6,59167373200866
14;0;1;2;6,59304453414244
14;0;1;3;6,40025744530882
14;0;1;3;6,48004456192665
14;0;1;3;6,54678541076052
14;0;1;3;6,21660610108486
14;0;1;3;6,29156913955832
14;0;1;3;6,50128967054039
14;0;1;3;6,53233429222235
14;0;1;3;6,36647044773144
14;0;1;3;6,54965074223381
14;0;1;3;7,13249755166004
14;0;1;3;6,3919171133926
14;0;1;3;6,81124437860129
14;0;1;3;6,24416690066374
14;0;1;3;6,51619307604296
14;0;1;3;6,59304453414244
14;0;1;3;6,82437367004309
14;0;1;3;6,61472560020376
14;0;1;3;6,31896811374643
14;0;1;3;6,44730586254121
14;0;1;3;6,57786135772105
14;0;1;3;6,38012253689976
14;0;1;3;6,97447891102505
15;0;0;0;6,49526555593701
15;0;0;0;6,39859493453521
15;0;0;0;7,11476944836646
15;0;0;0;6,8001700683022
15;0;0;0;6,41999492814714
15;0;0;0;6,44094654063292
15;0;0;0;6,61472560020376
15;0;0;0;6,91671502035361
15;0;0;0;6,94697599213542
15;0;0;0;6,87523208727658
15;0;0;0;6,63068338564237
15;0;0;0;6,64118216974059
15;0;0;0;6,52209279817015
15;0;0;0;6,62007320653036
15;0;0;0;6,62804137617953
15;0;0;0;6,67203294546107
15;0;0;0;6,76157276880406
15;0;0;0;6,51323011091231
15;0;0;1;6,48463523563525
15;0;0;1;6,4723462945009
15;0;0;1;7,39018142822643
15;0;0;1;6,97447891102505
15;0;0;1;7,25700270709207
15;0;0;1;6,97914527506881
15;0;0;1;6,81234509417748
15;0;0;1;6,71417052990947
15;0;0;1;7,23128700432762
15;0;0;1;6,69332366826995
15;0;0;1;6,62007320653036
15;0;0;1;6,78332520060396
15;0;1;2;6,86797440897029
15;0;1;2;6,93731408122368
15;0;1;2;6,67582322163485
15;0;1;2;6,90575327631146
15;0;1;2;6,67456139181443
15;0;1;3;6,33327962813969
15;0;1;3;6,62140565176413
15;0;1;3;6,83087423464618
15;0;1;3;6,25382881157547
15;0;1;3;6,55535689181067
15;0;1;3;6,5206211275587
15;0;1;3;6,4281052726846
15;0;1;3;6,42648845745769
15;0;1;3;6,4118182677099
15;0;1;3;6,42648845745769
15;0;1;3;6,62140565176413
15;0;1;3;6,61873898351722
15;0;1;3;6,5875500148248
15;0;1;3;6,72743172485086
15;0;1;3;6,66949808985788
15;0;1;3;6,66057514983969
15;0;1;3;6,6052979209482
15;0;1;3;6,75460409948796
15;0;1;3;6,3578422665081
15;0;1;3;6,52795791762255
15;0;1;3;6,4707995037826
15;0;1;3;6,69826805411541
15;0;1;3;6,56385552653213
15;0;1;3;6,76849321164863
15;0;1;3;6,69579891705849
16;0;0;0;6,87419849545329
16;0;0;0;6,70808408385307
16;0;0;0;6,69950034016168
16;0;0;0;6,61069604471776
16;0;0;0;6,58892647753352
16;0;0;0;6,35437004079735
16;0;0;0;6,54965074223381
16;0;0;0;6,40687998606931
16;0;0;0;6,58063913728495
16;0;0;0;6,7696419768525
16;0;0;0;6,69332366826995
16;0;0;0;6,11146733950268
16;0;0;0;6,41673228251233
16;0;0;0;6,67076632084587
16;0;0;0;6,5410299991899
16;0;0;0;6,67959918584438
16;0;0;1;6,55393340402581
16;0;0;1;6,51025834052315
16;0;0;1;6,77878489768518
16;0;0;1;6,361302477573
16;0;0;1;6,71174039505618
16;0;0;1;7,08757370555797
16;0;0;1;6,64118216974059
16;0;0;1;6,41017488196617
16;0;0;1;6,37842618365159
16;0;0;1;6,51619307604296
16;0;0;1;6,3818160174061
16;0;0;1;6,62140565176413
16;0;0;1;6,43615036836943
16;0;0;1;6,71780469502369
16;0;1;2;6,56103066589657
16;0;1;2;6,51323011091231
16;0;1;2;6,7202201551353
16;0;1;2;6,52502965784346
16;0;1;2;6,29341927884648
16;0;1;2;6,70073110954781
16;0;1;3;6,36818718635049
16;0;1;3;6,65415252018322
16;0;1;3;7,06304816338817
16;0;1;3;6,43454651878745
16;0;1;3;6,71295620067707
16;0;1;3;6,29710931993394
16;0;1;3;6,38856140554563
16;0;1;3;7,10578612948127
16;0;1;3;6,52941883826223
16;0;1;3;6,15909538849193
16;0;1;3;6,81234509417748
16;0;1;3;6,22851100359118
16;0;1;3;6,99209642741589
16;0;1;3;6,34212141872115
16;0;1;3;6,4377516497364
16;0;1;3;6,74993119378857
16;0;1;3;6,3297209055227
16;0;1;3;6,43615036836943
16;0;1;3;6,44888939414686
16;0;1;3;6,78897174299217
16;0;1;3;6,21460809842219
16;0;1;3;6,3456363608286
16;0;1;3;6,4281052726846
16;0;1;3;6,55677835615804
17;0;0;0;6,84800527457636
17;0;0;0;6,75343791859778
17;0;0;0;6,73933662735717
17;0;0;0;6,67834211465433
17;0;0;0;6,29894924685594
17;0;0;0;6,67582322163485
17;0;0;0;6,53813982376767
17;0;0;0;6,3919171133926
17;0;0;0;6,73578001424233
17;0;0;0;6,3919171133926
17;0;0;0;6,33505425149806
17;0;0;0;6,4707995037826
17;0;0;0;6,67456139181443
17;0;0;0;6,58063913728495
17;0;0;0;6,3750248198281
17;0;0;0;6,45362499889269
17;0;0;0;6,67959918584438
17;0;0;0;6,65929391968364
17;0;0;0;6,4377516497364
17;0;0;0;6,74523634948436
17;0;0;0;6,54965074223381
17;0;0;0;6,36302810354046
17;0;0;0;6,64509096950564
17;0;0;0;6,75227037614174
17;0;0;1;6,68461172766793
17;0;0;1;6,68085467879022
17;0;0;1;6,66568371778241
17;0;0;1;6,66440902035041
17;0;0;1;6,80350525760834
17;0;0;1;6,3818160174061
17;0;1;2;6,48157712927643
17;0;1;2;6,49978704065585
17;0;1;2;6,25958146406492
17;0;1;2;6,64768837356333
17;0;1;2;6,90675477864855
17;0;1;2;7,16006920759613
17;0;1;2;6,60665018619822
17;0;1;2;6,90675477864855
17;0;1;3;6,43133108193348
17;0;1;3;6,55393340402581
17;0;1;3;6,55393340402581
17;0;1;3;6,60258789218934
17;0;1;3;6,91869521902047
17;0;1;3;6,51619307604296
17;0;1;3;6,35088571671474
17;0;1;3;6,27664348934164
17;0;1;3;6,31535800152233
17;0;1;3;7,08840877867539
17;0;1;3;6,36647044773144
17;0;1;3;6,75227037614174
17;0;1;3;6,91174730025167
17;0;1;3;7,15929190479756
17;0;1;3;6,08449941307517
17;0;1;3;7,10414409298753
17;0;1;3;6,74405918631135
17;0;1;3;6,46146817635372
17;0;1;3;6,50428817353665
17;0;1;3;6,77308037565554
17;0;1;3;6,39526159811545
17;0;1;3;6,5424719605068
18;0;0;0;6,54678541076052
18;0;0;0;6,5191472879404
18;0;0;0;6,4425401664682
18;0;0;0;6,8001700683022
18;0;0;0;7,1066061377273
18;0;0;0;6,68336094576627
18;0;0;0;6,26530121273771
18;0;0;0;6,70318811324086
18;0;0;0;6,60665018619822
18;0;0;0;6,60665018619822
18;0;0;0;7,07072410726028
18;0;0;0;6,55961523749324
18;0;0;0;6,55961523749324
18;0;0;0;6,78445706263764
18;0;0;0;6,64118216974059
18;0;0;0;6,94312242281943
18;0;0;0;6,59167373200866
18;0;0;0;6,4723462945009
18;0;0;0;6,3919171133926
18;0;0;0;6,36302810354046
18;0;0;1;6,05443934626937
18;0;0;1;6,78219205600679
18;0;0;1;6,15485809401642
18;0;0;1;6,53233429222235
18;0;0;1;6,33327962813969
18;0;0;1;6,53524127101366
18;0;0;1;6,15060276844628
18;0;0;1;6,86589107488344
18;0;0;1;6,96790920180188
18;0;0;1;6,33150184989369
18;0;1;2;6,5191472879404
18;0;1;2;6,69332366826995
18;0;1;2;6,97447891102505
18;0;1;2;6,70686233660275
18;0;1;2;6,72743172485086
18;0;1;3;6,68710860786651
18;0;1;3;6,4118182677099
18;0;1;3;5,41164605185504
18;0;1;3;6,41017488196617
18;0;1;3;6,0913098820777
18;0;1;3;6,78897174299217
18;0;1;3;6,24222326545517
18;0;1;3;6,56526497003536
18;0;1;3;6,10255859461357
18;0;1;3;6,03068526026126
18;0;1;3;6,21260609575152
18;0;1;3;5,9427993751267
18;0;1;3;6,6052979209482
18;0;1;3;6,19847871649231
18;0;1;3;6,64639051484773
18;0;1;3;6,2363695902037
18;0;1;3;6,0591231955818
18;0;1;3;5,98141421125448
18;0;1;3;6,48920493132532
18;0;1;3;6,10255859461357
18;0;1;3;6,1527326947041
18;0;1;3;6,55250788703459
18;0;1;3;6,49072353450251
18;0;1;3;5,82008293035236
18;0;1;3;6,0913098820777
19;0;0;0;6,42971947803914
19;0;0;0;6,66568371778241
19;0;0;0;6,5792512120101
19;0;0;0;6,55535689181067
19;0;0;0;6,65672652417839
19;0;0;0;6,70563909486
19;0;0;0;6,69332366826995
19;0;0;0;6,24997524225948
19;0;0;0;6,4425401664682
19;0;0;0;6,87109129461055
19;0;0;0;6,25382881157547
19;0;0;0;6,55535689181067
19;0;0;0;6,11368217983223
19;0;0;0;6,50876913697168
19;0;0;0;6,58479139238572
19;0;0;0;6,49677499018586
19;0;0;0;6,9555926083963
19;0;0;0;5,93489419561959
19;0;0;1;6,48616078894409
19;0;0;1;6,71780469502369
19;0;0;1;7,20785987143248
19;0;0;1;7,29709100516042
19;0;0;1;7,07749805356923
19;0;0;1;6,26720054854136
19;0;0;1;6,58202513889283
19;0;0;1;7,21376830811864
19;0;0;1;6,97728134163075
19;0;0;1;6,5191472879404
19;0;0;1;6,8501261661455
19;0;0;1;6,11809719804135
19;0;1;2;6,95939851213398
19;0;1;2;6,71417052990947
19;0;1;2;6,98100574072173
19;0;1;2;6,91075078796194
19;0;1;3;6,19440539110467
19;0;1;3;6,77308037565554
19;0;1;3;6,62007320653036
19;0;1;3;6,53813982376767
19;0;1;3;6,58479139238572
19;0;1;3;6,87109129461055
19;0;1;3;6,11368217983223
19;0;1;3;6,36302810354046
19;0;1;3;6,60123011872888
19;0;1;3;6,60394382460047
19;0;1;3;6,61472560020376
19;0;1;3;6,79570577517351
19;0;1;3;6,69950034016168
19;0;1;3;6,45833828334479
19;0;1;3;6,58479139238572
19;0;1;3;6,57786135772105
19;0;1;3;6,5510803350434
19;0;1;3;6,68210859744981
19;0;1;3;6,94215670569947
19;0;1;3;6,1527326947041
19;0;1;3;5,77765232322266
19;0;1;3;7,03966034986208
19;0;1;3;6,40687998606931
19;0;1;3;6,69826805411541
19;0;1;3;5,89440283426485
19;0;1;3;6,46614472423762
20;0;0;0;6,80793494369993
20;0;0;0;6,76849321164863
20;0;0;0;6,58617165485467
20;0;0;0;6,55250788703459
20;0;0;0;6,51174532964473
20;0;0;0;6,87935580446044
20;0;0;0;6,7945865808765
20;0;0;0;6,7286286130847
20;0;0;0;6,85224256905188
20;0;0;0;6,7428806357919
20;0;0;0;6,72142570079064
20;0;0;0;6,66568371778241
20;0;0;0;6,60258789218934
20;0;0;0;6,67203294546107
20;0;0;0;6,93342302573071
20;0;0;0;6,52941883826223
20;0;0;0;6,74051935960622
20;0;0;0;6,52649485957079
20;0;0;0;6,7428806357919
20;0;0;0;6,51174532964473
20;0;0;0;6,63856778916652
20;0;0;0;6,77992190747225
20;0;0;1;7,03702761468628
20;0;0;1;6,69084227741856
20;0;0;1;6,18208490671663
20;0;0;1;6,7093043402583
20;0;0;1;6,32076829425058
20;0;0;1;6,3578422665081
20;0;0;1;6,2709884318583
20;0;0;1;6,33505425149806
20;0;1;2;6,90475076996184
20;0;1;2;6,63463335786169
20;0;1;2;6,71295620067707
20;0;1;2;6,72743172485086
20;0;1;3;6,31716468674728
20;0;1;3;6,38350663488401
20;0;1;3;5,74939298590825
20;0;1;3;6,16120732169508
20;0;1;3;6,39024066706535
20;0;1;3;6,51619307604296
20;0;1;3;6,5206211275587
20;0;1;3;6,54678541076052
20;0;1;3;6,32256523992728
20;0;1;3;6,01615715969835
20;0;1;3;6,04263283368238
20;0;1;3;6,76157276880406
20;0;1;3;6,01859321449623
20;0;1;3;6,3261494731551
20;0;1;3;6,64639051484773
20;0;1;3;6,0591231955818
20;0;1;3;5,79301360838414
20;0;1;3;6,58063913728495
20;0;1;3;6,00141487796115
20;0;1;3;6,31354804627709
20;0;1;3;6,34212141872115
20;0;1;3;6,13988455222626
20;0;1;3;6,48463523563525
20;0;1;3;6,75925527066369
20;0;1;3;6,49526555593701
20;0;1;3;6,30809844150953
21;0;0;0;6,50727771238501
21;0;0;0;6,32256523992728
21;0;0;0;6,69208374250663
21;0;0;0;6,4150969591716
21;0;0;0;6,24997524225948
21;0;0;0;6,46925031679577
21;0;0;0;6,42971947803914
21;0;0;0;6,84054652928869
21;0;0;0;6,6052979209482
21;0;0;0;7,02197642307216
21;0;0;0;6,74993119378857
21;0;0;0;6,8351845861473
21;0;0;0;6,50578406012823
21;0;0;0;6,52356230614951
21;0;0;0;6,74641212857337
21;0;0;0;6,60123011872888
21;0;0;0;6,18414889093748
21;0;0;0;6,67708346124714
21;0;0;0;6,95749737087695
21;0;0;0;6,59167373200866
21;0;0;0;6,35088571671474
21;0;0;0;6,83087423464618
21;0;0;0;6,49828214947643
21;0;0;1;6,33505425149806
21;0;0;1;6,5366915975913
21;0;0;1;6,42162226780652
21;0;0;1;6,43133108193348
21;0;0;1;6,81673588059497
21;0;0;1;6,95368421087054
21;0;0;1;6,52356230614951
21;0;1;2;6,80793494369993
21;0;1;2;6,83195356556585
21;0;1;2;6,45676965557216
21;0;1;2;6,93439720992856
21;0;1;2;6,26909628370626
21;0;1;2;6,79346613258001
21;0;1;3;6,95749737087695
21;0;1;3;6,43454651878745
21;0;1;3;6,54534966033442
21;0;1;3;6,61873898351722
21;0;1;3;6,04737217904628
21;0;1;3;6,32793678372919
21;0;1;3;6,33150184989369
21;0;1;3;6,30261897574491
21;0;1;3;6,0591231955818
21;0;1;3;6,04263283368238
21;0;1;3;6,64768837356333
21;0;1;3;6,24997524225948
21;0;1;3;6,23244801655052
21;0;1;3;6,65027904858742
21;0;1;3;6,49828214947643
21;0;1;3;6,36647044773144
21;0;1;3;6,16331480403464
21;0;1;3;6,55819780281227
21;0;1;3;6,40687998606931
21;0;1;3;6,38350663488401
21;0;1;3;6,25382881157547
21;0;1;3;6,22653666928747
21;0;1;3;6,30261897574491
21;0;1;3;6,36475075685191
22;0;0;0;6,72262979485545
22;0;0;0;6,57228254269401
22;0;0;0;6,89162589705225
22;0;0;0;6,5424719605068
22;0;0;0;6,46302945692067
22;0;0;0;6,51767127291227
22;0;0;0;6,62936325343745
22;0;0;0;6,57088296233958
22;0;0;0;6,45204895443723
22;0;0;0;6,9985096422506
22;0;0;0;6,62273632394984
22;0;0;0;6,8501261661455
22;0;0;0;6,6631326959908
22;0;0;0;6,70808408385307
22;0;0;0;6,51619307604296
22;0;0;0;6,46146817635372
22;0;0;0;6,50578406012823
22;0;0;1;6,8627579130514
22;0;0;1;6,5191472879404
22;0;0;1;6,59441345974978
22;0;0;1;6,85118492749374
22;0;0;1;7,24208235925696
22;0;0;1;6,50128967054039
22;0;0;1;6,44888939414686
22;0;0;1;6,48004456192665
22;0;0;1;6,74170069465205
22;0;0;1;6,61069604471776
22;0;0;1;6,7696419768525
22;0;0;1;6,39024066706535
22;0;0;1;6,6052979209482
22;0;1;2;6,49072353450251
22;0;1;2;6,85540879860993
22;0;1;2;6,95463886488099
22;0;1;3;6,72262979485545
22;0;1;3;6,26530121273771
22;0;1;3;6,49375383985169
22;0;1;3;6,31716468674728
22;0;1;3;6,4425401664682
22;0;1;3;6,55961523749324
22;0;1;3;6,89467003943348
22;0;1;3;6,3297209055227
22;0;1;3;6,68210859744981
22;0;1;3;6,58340922215876
22;0;1;3;7,1708884785125
22;0;1;3;6,40357419793482
22;0;1;3;6,04973345523196
22;0;1;3;6,59578051396131
22;0;1;3;6,72262979485545
22;0;1;3;6,30991827822652
22;0;1;3;6,54821910276237
22;0;1;3;7,18992217074581
22;0;1;3;6,75693238924755
22;0;1;3;6,79682371827486
22;0;1;3;6,34212141872115
22;0;1;3;7,04053639021596
22;0;1;3;6,06378520868761
22;0;1;3;6,79346613258001
22;0;1;3;6,7696419768525
22;0;1;3;6,53958595561767
22;0;1;3;6,54821910276237
23;0;0;0;6,71659477352098
23;0;0;0;6,55535689181067
23;0;0;0;6,82219739062049
23;0;0;0;6,63068338564237
23;0;0;0;6,58202513889283
23;0;0;0;6,1527326947041
23;0;0;0;6,31535800152233
23;0;0;0;6,50727771238501
23;0;0;0;6,61204103483309
23;0;0;0;6,77650699237218
23;0;0;0;6,5792512120101
23;0;0;0;6,70196036600254
23;0;0;0;6,44413125670044
23;0;0;0;6,60934924316738
23;0;0;0;6,5366915975913
23;0;0;0;6,69208374250663
23;0;0;0;6,96885037834195
23;0;0;0;6,4150969591716
23;0;0;0;6,48616078894409
23;0;0;0;6,45362499889269
23;0;0;0;7,06133436691044
23;0;0;0;6,51174532964473
23;0;0;0;6,51174532964473
23;0;0;0;6,68586094706836
23;0;0;1;6,62273632394984
23;0;0;1;6,91174730025167
23;0;0;1;6,88550967003482
23;0;0;1;6,98378996525813
23;0;0;1;7,32778053842163
23;0;0;1;6,78105762593618
23;0;1;2;6,73340189183736
23;0;1;2;6,95749737087695
23;0;1;2;6,46925031679577
23;0;1;2;6,53524127101366
23;0;1;2;6,84374994900622
23;0;1;3;6,81124437860129
23;0;1;3;6,98286275146894
23;0;1;3;6,52502965784346
23;0;1;3;6,46769872610435
23;0;1;3;6,37842618365159
23;0;1;3;6,83840520084734
23;0;1;3;6,59030104819669
23;0;1;3;6,52649485957079
23;0;1;3;6,4393503711001
23;0;1;3;6,51323011091231
23;0;1;3;6,79794041297493
23;0;1;3;6,63725803128446
23;0;1;3;6,45676965557216
23;0;1;3;6,67834211465433
23;0;1;3;6,47850964220857
23;0;1;3;6,66695679242921
23;0;1;3;6,70196036600254
23;0;1;3;6,23441072571837
23;0;1;3;6,75227037614174
23;0;1;3;6,78445706263764
23;0;1;3;6,42971947803914
23;0;1;3;6,90475076996184
23;0;1;3;6,35610766069589
23;0;1;3;6,60394382460047
23;0;1;3;6,81892406527552
24;0;0;0;6,62273632394984
24;0;0;0;6,94215670569947
24;0;0;0;6,95939851213398
24;0;0;0;6,59850902861452
24;0;0;0;6,55250788703459
24;0;0;0;6,62273632394984
24;0;0;0;6,67582322163485
24;0;0;0;6,26149168432104
24;0;0;0;6,77536609093639
24;0;0;0;6,61338421837956
24;0;0;0;6,77536609093639
24;0;0;0;6,85118492749374
24;0;0;0;6,3919171133926
24;0;0;0;6,38856140554563
24;0;0;0;6,49828214947643
24;0;0;0;7,54380286750151
24;0;0;0;6,72623340235875
24;0;0;0;6,72743172485086
24;0;0;0;6,59030104819669
24;0;0;1;6,40522845803084
24;0;0;1;6,30809844150953
24;0;0;1;6,07993319509559
24;0;0;1;6,22059017009974
24;0;0;1;6,20455776256869
24;0;0;1;6,49223983502047
24;0;0;1;6,78671695060508
24;0;0;1;6,51619307604296
24;0;0;1;6,55250788703459
24;0;0;1;5,88887795833288
24;0;0;1;6,67329796776765
24;0;1;2;6,54965074223381
24;0;1;2;6,38012253689976
24;0;1;2;6,86589107488344
24;0;1;2;6,69208374250663
24;0;1;2;6,87626461189077
24;0;1;2;6,49526555593701
24;0;1;2;6,90274273715859
24;0;1;2;6,74758652682932
24;0;1;3;6,04263283368238
24;0;1;3;6,41999492814714
24;0;1;3;6,10031895202006
24;0;1;3;5,82894561761021
24;0;1;3;6,48004456192665
24;0;1;3;5,91079664404053
24;0;1;3;5,4553211153577
24;0;1;3;6,28599809450886
24;0;1;3;6,41999492814714
24;0;1;3;6,51619307604296
24;0;1;3;5,98896141688986
24;0;1;3;6,52502965784346
24;0;1;3;6,13122648948314
24;0;1;3;6,04500531403601
24;0;1;3;6,11368217983223
24;0;1;3;6,27664348934164
24;0;1;3;5,93224518744801
24;0;1;3;5,57972982598622
24;0;1;3;6,22653666928747
24;0;1;3;5,92692602597041
24;0;1;3;6,65929391968364
24;0;1;3;6,17586727010576
25;0;0;0;6,58479139238572
25;0;0;0;6,87729607149743
25;0;0;0;6,34212141872115
25;0;0;0;6,48463523563525
25;0;0;0;6,12468339089421
25;0;0;0;6,42648845745769
25;0;0;0;6,6682282484174
25;0;0;0;5,98393628068719
25;0;0;0;6,35437004079735
25;0;0;0;6,2803958389602
25;0;0;0;6,52209279817015
25;0;0;0;6,06610809010375
25;0;0;0;6,24804287450843
25;0;0;0;6,21660610108486
25;0;0;0;6,14418563412565
25;0;0;0;6,19236248947487
25;0;0;0;6,30627528694802
25;0;0;0;6,22653666928747
25;0;0;0;5,95064255258773
25;0;0;0;6,40357419793482
25;0;0;1;6,57368016696065
25;0;0;1;6,83840520084734
25;0;0;1;6,7428806357919
25;0;0;1;7,10167597161944
25;0;0;1;6,70808408385307
25;0;0;1;6,82219739062049
25;0;0;1;6,78105762593618
25;0;0;1;6,34035930372775
25;0;0;1;6,77650699237218
25;0;0;1;6,71052310945243
25;0;1;2;5,78382518232974
25;0;1;2;6,20455776256869
25;0;1;2;6,46769872610435
25;0;1;2;6,29710931993394
25;0;1;3;6,25766758788264
25;0;1;3;6,81124437860129
25;0;1;3;6,52209279817015
25;0;1;3;6,99117688712121
25;0;1;3;6,68336094576627
25;0;1;3;6,79122146272619
25;0;1;3;6,361302477573
25;0;1;3;7,22402480828583
25;0;1;3;6,80572255341699
25;0;1;3;6,42648845745769
25;0;1;3;6,56103066589657
25;0;1;3;6,68336094576627
25;0;1;3;6,62804137617953
25;0;1;3;6,36818718635049
25;0;1;3;6,59030104819669
25;0;1;3;6,56807791141198
25;0;1;3;6,73815249459596
25;0;1;3;6,8001700683022
25;0;1;3;6,79570577517351
25;0;1;3;6,78671695060508
25;0;1;3;6,7286286130847
25;0;1;3;6,69579891705849
25;0;1;3;6,71659477352098
25;0;1;3;6,44413125670044
25;0;1;3;6,48463523563525
25;0;1;3;6,54534966033442
26;0;0;0;6,65286302935335
26;0;0;0;6,29894924685594
26;0;0;0;6,3456363608286
26;0;0;0;6,38012253689976
26;0;0;0;6,5410299991899
26;0;0;0;6,75227037614174
26;0;0;0;6,77650699237218
26;0;0;0;6,36990098282823
26;0;0;0;6,42971947803914
26;0;0;0;6,78784498230958
26;0;0;0;6,31896811374643
26;0;0;0;6,9177056098353
26;0;0;0;6,25575004175337
26;0;0;0;6,49223983502047
26;0;0;0;6,39692965521615
26;0;0;0;6,52356230614951
26;0;0;0;6,20859002609663
26;0;0;0;6,44413125670044
26;0;0;1;6,7093043402583
26;0;0;1;6,49828214947643
26;0;0;1;6,64118216974059
26;0;0;1;6,35437004079735
26;0;0;1;6,52356230614951
26;0;0;1;6,7286286130847
26;0;0;1;6,50876913697168
26;0;0;1;7,00850518208228
26;0;0;1;6,39359075395063
26;0;0;1;6,79346613258001
26;0;0;1;6,80239476332431
26;0;0;1;6,45204895443723
26;0;1;2;6,46614472423762
26;0;1;2;6,58892647753352
26;0;1;2;7,09754885061479
26;0;1;2;6,65672652417839
26;0;1;2;6,56667242980324
26;0;1;3;6,59304453414244
26;0;1;3;6,65415252018322
26;0;1;3;6,8501261661455
26;0;1;3;6,67076632084587
26;0;1;3;6,63987583382654
26;0;1;3;6,66568371778241
26;0;1;3;6,30444880242198
26;0;1;3;7,06390396147207
26;0;1;3;6,52941883826223
26;0;1;3;6,34212141872115
26;0;1;3;6,24804287450843
26;0;1;3;6,88755257166462
26;0;1;3;6,31896811374643
26;0;1;3;6,89871453432999
26;0;1;3;6,93731408122368
26;0;1;3;6,47389069635227
26;0;1;3;6,67203294546107
26;0;1;3;7,37023064180708
26;0;1;3;6,7696419768525
26;0;1;3;6,41999492814714
26;0;1;3;7,01929665371504
26;0;1;3;6,56526497003536
26;0;1;3;6,49526555593701
26;0;1;3;6,36647044773144
26;0;1;3;6,36647044773144
27;0;0;0;6,80350525760834
27;0;0;0;6,55250788703459
27;0;0;0;6,5792512120101
27;0;0;0;6,51619307604296
27;0;0;0;6,71780469502369
27;0;0;0;6,57228254269401
27;0;0;0;6,52209279817015
27;0;0;0;6,53087762772588
27;0;0;0;6,88550967003482
27;0;0;0;6,64248680136726
27;0;0;0;6,75343791859778
27;0;0;0;6,54821910276237
27;0;0;0;6,58479139238572
27;0;0;0;6,43615036836943
27;0;0;0;6,79234442747081
27;0;0;0;6,50128967054039
27;0;0;0;6,81454289725996
27;0;0;0;6,70686233660275
27;0;0;0;6,76388490856244
27;0;0;0;6,46302945692067
27;0;0;0;6,68085467879022
27;0;0;0;6,59441345974978
27;0;0;0;6,5875500148248
27;0;0;1;6,57368016696065
27;0;0;1;6,45047042214418
27;0;0;1;7,08840877867539
27;0;0;1;6,65286302935335
27;0;0;1;6,47543271670409
27;0;0;1;6,85540879860993
27;0;0;1;6,38012253689976
27;0;1;2;6,77308037565554
27;0;1;2;7,04490511712937
27;0;1;2;6,78219205600679
27;0;1;2;6,6631326959908
27;0;1;2;6,62406522779989
27;0;1;2;6,68959926917897
27;0;1;2;6,41836493593621
27;0;1;2;6,80682936039218
27;0;1;2;6,76272950693188
27;0;1;3;6,6682282484174
27;0;1;3;7,00306545878646
27;0;1;3;6,5510803350434
27;0;1;3;6,3750248198281
27;0;1;3;6,05678401322862
27;0;1;3;6,16961073249146
27;0;1;3;6,47697236288968
27;0;1;3;6,36647044773144
27;0;1;3;6,24997524225948
27;0;1;3;7,11476944836646
27;0;1;3;6,0913098820777
27;0;1;3;6,31716468674728
27;0;1;3;6,4085287910595
27;0;1;3;6,49375383985169
27;0;1;3;6,50279004591562
27;0;1;3;6,19031540585315
27;0;1;3;6,33505425149806
27;0;1;3;6,32435896238131
27;0;1;3;6,21060007702465
27;0;1;3;6,36475075685191
27;0;1;3;6,07073772800249
28;0;0;0;6,58617165485467
28;0;0;0;6,75110146893676
28;0;0;0;6,83625927727707
28;0;0;0;6,54821910276237
28;0;0;0;6,62539236800796
28;0;0;0;7,0825485693553
28;0;0;0;6,59714570188665
28;0;0;0;6,50578406012823
28;0;0;0;6,82546003625531
28;0;0;0;6,90073066404517
28;0;0;0;6,58479139238572
28;0;0;0;6,8134445995109
28;0;0;0;6,45047042214418
28;0;0;0;6,5792512120101
28;0;0;0;6,65929391968364
28;0;0;0;6,3261494731551
28;0;0;0;6,10702288774225
28;0;0;0;6,84587987526405
28;0;0;0;6,68336094576627
28;0;0;0;7,02908756414966
28;0;0;0;6,59441345974978
28;0;0;0;6,20455776256869
28;0;0;0;6,41673228251233
28;0;0;1;6,60665018619822
28;0;0;1;6,37672694789863
28;0;0;1;6,5410299991899
28;0;0;1;6,68336094576627
28;0;0;1;6,43133108193348
28;0;0;1;6,78558764500793
28;0;0;1;6,01859321449623
28;0;1;2;6,77308037565554
28;0;1;3;6,76157276880406
28;0;1;3;6,13988455222626
28;0;1;3;6,41673228251233
28;0;1;3;5,97888576490112
28;0;1;3;6,58617165485467
28;0;1;3;6,36818718635049
28;0;1;3;6,65157187358973
28;0;1;3;6,16961073249146
28;0;1;3;6,29526600143965
28;0;1;3;6,21260609575152
28;0;1;3;6,67582322163485
28;0;1;3;6,21460809842219
28;0;1;3;6,87832646829133
28;0;1;3;6,46458830368996
28;0;1;3;6,16120732169508
28;0;1;3;6,30261897574491
28;0;1;3;6,4831073514572
28;0;1;3;6,36475075685191
28;0;1;3;6,30627528694802
28;0;1;3;5,94017125272043
28;0;1;3;5,89440283426485
28;0;1;3;6,33859407820318
28;0;1;3;5,98645200528444
28;0;1;3;6,29156913955832
28;0;1;3;6,35437004079735
28;0;1;3;6,38687931936265
28;0;1;3;6,62007320653036
28;0;1;3;6,38350663488401
28;0;1;3;6,2709884318583
29;0;0;0;6,34035930372775
29;0;0;0;6,51323011091231
29;0;0;0;6,30627528694802
29;0;0;0;6,42648845745769
29;0;0;0;6,45833828334479
29;0;0;0;6,56526497003536
29;0;0;0;6,15697898558556
29;0;0;0;6,58617165485467
29;0;0;0;6,47543271670409
29;0;0;0;6,67203294546107
29;0;0;0;6,56526497003536
29;0;0;0;6,23832462503951
29;0;0;0;6,86693328446188
29;0;0;0;6,19644412779452
29;0;0;0;6,45833828334479
29;0;0;0;6,4281052726846
29;0;0;0;6,10031895202006
29;0;0;0;6,84161547647759
29;0;0;1;6,45676965557216
29;0;0;1;6,7696419768525
29;0;0;1;6,4377516497364
29;0;0;1;6,48463523563525
29;0;0;1;6,44094654063292
29;0;0;1;6,55677835615804
29;0;0;1;6,8134445995109
29;0;0;1;6,38350663488401
29;0;0;1;7,21670948670946
29;0;0;1;6,57646956904822
29;0;0;1;6,40025744530882
29;0;0;1;6,43615036836943
29;0;1;2;6,3919171133926
29;0;1;2;6,74641212857337
29;0;1;2;6,81892406527552
29;0;1;2;6,76272950693188
29;0;1;3;6,80903930604298
29;0;1;3;6,02102334934953
29;0;1;3;5,75890177387728
29;0;1;3;6,59578051396131
29;0;1;3;6,20657592672493
29;0;1;3;5,98645200528444
29;0;1;3;6,22455842927536
29;0;1;3;6,53233429222235
29;0;1;3;6,04025471127741
29;0;1;3;6,69703424766648
29;0;1;3;6,80903930604298
29;0;1;3;6,30991827822652
29;0;1;3;5,93224518744801
29;0;1;3;6,32793678372919
29;0;1;3;6,41673228251233
29;0;1;3;6,11589212548303
29;0;1;3;6,16120732169508
29;0;1;3;6,06842558824411
29;0;1;3;5,90263333340137
29;0;1;3;5,98141421125448
29;0;1;3;6,34388043412633
29;0;1;3;6,51025834052315
29;0;1;3;6,5694814204143
29;0;1;3;6,71780469502369
29;0;1;3;6,89871453432999
29;0;1;3;6,31896811374643
30;0;0;0;6,35957386867238
30;0;0;0;6,45990445437753
30;0;0;0;6,42648845745769
30;0;0;0;6,24610676548156
30;0;0;0;7,07242190053737
30;0;0;0;5,67332326717149
30;0;0;0;6,22257626807137
30;0;0;0;6,67076632084587
30;0;0;0;6,5424719605068
30;0;0;0;6,49223983502047
30;0;0;0;6,46146817635372
30;0;0;0;6,48616078894409
30;0;0;0;6,81234509417748
30;0;0;0;6,16961073249146
30;0;0;0;6,35088571671474
30;0;0;0;6,5792512120101
30;0;0;0;6,11146733950268
30;0;0;0;6,49526555593701
30;0;0;1;6,70441435496411
30;0;0;1;6,82654522355659
30;0;0;1;6,95939851213398
30;0;0;1;6,79122146272619
30;0;0;1;6,72142570079064
30;0;0;1;6,65286302935335
30;0;0;1;7,29301767977278
30;0;0;1;6,89060912014717
30;0;0;1;7,36707705988101
30;0;0;1;6,67582322163485
30;0;0;1;7,00033446027523
30;0;0;1;6,64509096950564
30;0;1;2;6,36818718635049
30;0;1;2;6,83840520084734
30;0;1;3;6,97166860472579
30;0;1;3;6,61204103483309
30;0;1;3;6,60258789218934
30;0;1;3;6,3818160174061
30;0;1;3;6,3297209055227
30;0;1;3;6,5510803350434
30;0;1;3;6,73815249459596
30;0;1;3;7,00488198971286
30;0;1;3;6,90073066404517
30;0;1;3;6,72383244082121
30;0;1;3;6,52502965784346
30;0;1;3;7,54908271081229
30;0;1;3;6,4831073514572
30;0;1;3;6,47543271670409
30;0;1;3;6,19031540585315
30;0;1;3;6,67456139181443
30;0;1;3;6,4393503711001
30;0;1;3;6,52795791762255
30;0;1;3;6,64118216974059
30;0;1;3;6,63200177739563
30;0;1;3;6,53233429222235
30;0;1;3;6,8001700683022
30;0;1;3;6,71052310945243
30;0;1;3;6,59030104819669
30;0;1;3;6,72982407048948
30;0;1;3;6,55677835615804
30;0;1;3;6,35088571671474
30;0;1;3;6,39024066706535
31;0;0;0;6,24804287450843
31;0;0;0;6,03068526026126
31;0;0;0;6,57507584059962
31;0;0;0;6,8501261661455
31;0;0;0;6,38519439899773
31;0;0;0;6,60800062529609
31;0;0;0;6,64639051484773
31;0;0;0;6,41345895716736
31;0;0;0;6,3750248198281
31;0;0;0;6,47850964220857
31;0;0;0;6,68336094576627
31;0;0;0;6,49072353450251
31;0;0;0;6,5792512120101
31;0;0;0;6,5875500148248
31;0;0;0;6,27476202124194
31;0;0;0;6,22455842927536
31;0;0;0;6,28599809450886
31;0;0;0;6,58892647753352
31;0;0;0;6,75693238924755
31;0;0;0;6,97914527506881
31;0;0;0;6,52502965784346
31;0;0;0;6,61069604471776
31;0;0;0;6,61606518513282
31;0;0;1;6,4723462945009
31;0;0;1;6,50428817353665
31;0;0;1;6,67708346124714
31;0;0;1;6,68085467879022
31;0;0;1;6,41017488196617
31;0;0;1;5,97126183979046
31;0;0;1;6,01615715969835
31;0;1;2;6,93537044601511
31;0;1;2;6,03787091992214
31;0;1;2;6,03787091992214
31;0;1;2;6,91075078796194
31;0;1;3;5,89715386763674
31;0;1;3;6,63987583382654
31;0;1;3;6,41999492814714
31;0;1;3;6,10479323241498
31;0;1;3;5,90808293816893
31;0;1;3;6,18208490671663
31;0;1;3;6,22455842927536
31;0;1;3;6,50727771238501
31;0;1;3;6,63463335786169
31;0;1;3;6,31173480915291
31;0;1;3;6,35957386867238
31;0;1;3;6,67582322163485
31;0;1;3;6,92853781816467
31;0;1;3;6,04500531403601
31;0;1;3;5,93753620508243
31;0;1;3;6,21660610108486
31;0;1;3;5,89715386763674
31;0;1;3;6,47850964220857
31;0;1;3;6,49072353450251
31;0;1;3;6,59304453414244
31;0;1;3;6,5191472879404
31;0;1;3;6,71417052990947
31;0;1;3;6,8134445995109
31;0;1;3;6,99209642741589
31;0;1;3;6,25766758788264
31;0;1;3;6,14418563412565
32;0;0;0;6,66695679242921
32;0;0;0;6,40687998606931
32;0;0;0;6,59167373200866
32;0;0;0;6,46302945692067
32;0;0;0;6,8501261661455
32;0;0;0;6,4723462945009
32;0;0;0;6,69703424766648
32;0;0;0;6,43454651878745
32;0;0;0;6,58063913728495
32;0;0;0;6,61740297797448
32;0;0;0;6,69950034016168
32;0;0;0;6,33682573114644
32;0;0;0;6,38350663488401
32;0;0;0;7,5207764150628
32;0;0;0;6,46302945692067
32;0;0;0;6,45362499889269
32;0;0;0;6,35610766069589
32;0;0;0;6,63200177739563
32;0;0;0;6,49677499018586
32;0;0;0;6,66949808985788
32;0;0;0;6,70563909486
32;0;0;0;6,26720054854136
32;0;0;1;6,80239476332431
32;0;0;1;6,77992190747225
32;0;0;1;7,34858753092759
32;0;0;1;6,86484777797086
32;0;0;1;6,71174039505618
32;0;0;1;6,49375383985169
32;0;0;1;6,43133108193348
32;0;0;1;6,91968384984741
32;0;1;2;6,96224346426621
32;0;1;2;6,47697236288968
32;0;1;2;6,57786135772105
32;0;1;2;6,84694313958538
32;0;1;2;7,12608727329912
32;0;1;2;6,61204103483309
32;0;1;3;6,41836493593621
32;0;1;3;6,7945865808765
32;0;1;3;6,51025834052315
32;0;1;3;6,57088296233958
32;0;1;3;6,98933526597456
32;0;1;3;6,66949808985788
32;0;1;3;7,07072410726028
32;0;1;3;7,01571242048723
32;0;1;3;6,38012253689976
32;0;1;3;7,14991683613211
32;0;1;3;6,42971947803914
32;0;1;3;6,59441345974978
32;0;1;3;6,33505425149806
32;0;1;3;6,72503364216684
32;0;1;3;6,33682573114644
32;0;1;3;6,4118182677099
32;0;1;3;6,57786135772105
32;0;1;3;6,88550967003482
32;0;1;3;6,5694814204143
32;0;1;3;6,7945865808765
32;0;1;3;6,48920493132532
32;0;1;3;6,52356230614951
32;0;1;3;6,35610766069589
32;0;1;3;6,6052979209482
33;0;0;0;6,51471269087253
33;0;0;0;6,49223983502047
33;0;0;0;6,66185474054531
33;0;0;0;6,88959130835447
33;0;0;0;6,50727771238501
33;0;0;0;6,51767127291227
33;0;0;0;6,50727771238501
33;0;0;0;6,74993119378857
33;0;0;0;6,70318811324086
33;0;0;0;6,52649485957079
33;0;0;0;6,53813982376767
33;0;0;0;6,83947643822884
33;0;0;0;6,5694814204143
33;0;0;0;6,78897174299217
33;0;0;0;6,3491389913798
33;0;0;0;6,78332520060396
33;0;0;0;6,51174532964473
33;0;0;0;6,48920493132532
33;0;0;0;6,67329796776765
33;0;0;0;6,41836493593621
33;0;0;0;6,61338421837956
33;0;0;1;6,78105762593618
33;0;0;1;6,80682936039218
33;0;0;1;6,36302810354046
33;0;0;1;6,51767127291227
33;0;0;1;6,98933526597456
33;0;0;1;6,56385552653213
33;0;0;1;6,25766758788264
33;0;0;1;6,59167373200866
33;0;0;1;6,76503897678054
33;0;1;2;6,65027904858742
33;0;1;2;7,18690102041163
33;0;1;2;6,71174039505618
33;0;1;2;6,54678541076052
33;0;1;2;7,13009851012558
33;0;1;3;6,27287700654617
33;0;1;3;6,30444880242198
33;0;1;3;6,91373735065968
33;0;1;3;6,47850964220857
33;0;1;3;7,18614430452233
33;0;1;3;6,3919171133926
33;0;1;3;6,3261494731551
33;0;1;3;6,97354301952014
33;0;1;3;6,55819780281227
33;0;1;3;6,72623340235875
33;0;1;3;6,29341927884648
33;0;1;3;6,42971947803914
33;0;1;3;6,99942246750796
33;0;1;3;6,35957386867238
33;0;1;3;6,19440539110467
33;0;1;3;6,53813982376767
33;0;1;3;6,2803958389602
33;0;1;3;6,5191472879404
33;0;1;3;6,41017488196617
33;0;1;3;6,37331978957701
33;0;1;3;6,4281052726846
33;0;1;3;6,32435896238131
33;0;1;3;6,24027584517077
33;0;1;3;6,65157187358973
33;0;1;3;6,41836493593621
34;0;0;0;6,44094654063292
34;0;0;0;6,59987049921284
34;0;0;0;6,46925031679577
34;0;0;0;6,43615036836943
34;0;0;0;6,29710931993394
34;0;0;0;6,41673228251233
34;0;0;0;6,37672694789863
34;0;0;0;6,66949808985788
34;0;0;0;6,45676965557216
34;0;0;0;6,361302477573
34;0;0;0;6,55393340402581
34;0;0;0;6,42971947803914
34;0;0;0;6,44413125670044
34;0;0;0;6,31535800152233
34;0;0;0;6,4085287910595
34;0;0;0;6,5510803350434
34;0;0;0;6,45204895443723
34;0;0;0;6,46302945692067
34;0;0;0;6,7202201551353
34;0;0;0;6,50128967054039
34;0;0;0;6,53378883793334
34;0;0;0;6,59030104819669
34;0;0;1;6,80793494369993
34;0;0;1;7,08757370555797
34;0;0;1;6,88755257166462
34;0;0;1;6,77764659363512
34;0;0;1;7,38894609761844
34;0;0;1;6,94408720822953
34;0;0;1;6,74993119378857
34;0;0;1;6,56526497003536
34;0;1;2;6,61606518513282
34;0;1;2;6,64118216974059
34;0;1;2;6,75343791859778
34;0;1;2;6,5191472879404
34;0;1;2;6,61606518513282
34;0;1;3;6,39526159811545
34;0;1;3;6,66185474054531
34;0;1;3;6,289715570909
34;0;1;3;6,41345895716736
34;0;1;3;6,38350663488401
34;0;1;3;6,54821910276237
34;0;1;3;6,49223983502047
34;0;1;3;6,40522845803084
34;0;1;3;6,28599809450886
34;0;1;3;6,52356230614951
34;0;1;3;6,4085287910595
34;0;1;3;6,31535800152233
34;0;1;3;7,07580886397839
34;0;1;3;6,4281052726846
34;0;1;3;6,36990098282823
34;0;1;3;7,07411681619736
34;0;1;3;6,49828214947643
34;0;1;3;6,60934924316738
34;0;1;3;6,58479139238572
34;0;1;3;6,67456139181443
34;0;1;3;6,2803958389602
34;0;1;3;6,59987049921284
34;0;1;3;6,96413561241824
34;0;1;3;6,8351845861473
34;0;1;3;6,36647044773144
35;0;0;0;6,38856140554563
35;0;0;0;6,4707995037826
35;0;0;0;6,93147180559945
35;0;0;0;6,47389069635227
35;0;0;0;6,80350525760834
35;0;0;0;6,29710931993394
35;0;0;0;6,69084227741856
35;0;0;0;6,77764659363512
35;0;0;0;6,53958595561767
35;0;0;0;6,52502965784346
35;0;0;0;7,16626597413364
35;0;0;0;6,75576892198425
35;0;0;1;6,7428806357919
35;0;0;1;6,47389069635227
35;0;0;1;6,60800062529609
35;0;0;1;6,75460409948796
35;0;0;1;6,86693328446188
35;0;0;1;7,06817200038804
35;0;0;1;6,8596149036542
35;0;0;1;6,15060276844628
35;0;0;1;6,73340189183736
35;0;0;1;6,66185474054531
35;0;0;1;6,48616078894409
35;0;0;1;6,56103066589657
35;0;0;1;6,59578051396131
35;0;0;1;6,80461452006262
35;0;0;1;6,99301512293296
35;0;0;1;6,50279004591562
35;0;0;1;6,77764659363512
35;0;0;1;6,7202201551353
35;0;1;2;6,21060007702465
35;0;1;2;6,82979373751242
35;0;1;2;6,48463523563525
35;0;1;2;6,56103066589657
35;0;1;2;6,89365635460264
35;0;1;2;6,68085467879022
35;0;1;3;6,30261897574491
35;0;1;3;6,48768401848461
35;0;1;3;6,38519439899773
35;0;1;3;6,98193467715639
35;0;1;3;6,39359075395063
35;0;1;3;6,43133108193348
35;0;1;3;6,20050917404269
35;0;1;3;6,78219205600679
35;0;1;3;6,49526555593701
35;0;1;3;6,64248680136726
35;0;1;3;6,33327962813969
35;0;1;3;6,09582456243222
35;0;1;3;6,53378883793334
35;0;1;3;6,7696419768525
35;0;1;3;6,50876913697168
35;0;1;3;6,52209279817015
35;0;1;3;6,78784498230958
35;0;1;3;6,72623340235875
35;0;1;3;6,99484998583307
35;0;1;3;6,24416690066374
35;0;1;3;6,31896811374643
35;0;1;3;6,26149168432104
35;0;1;3;6,289715570909
35;0;1;3;6,4150969591716
36;0;0;0;6,51025834052315
36;0;0;0;6,56526497003536
36;0;0;0;6,64378973314767
36;0;0;0;6,44413125670044
36;0;0;0;6,82762923450285
36;0;0;0;6,24027584517077
36;0;0;0;6,70196036600254
36;0;0;0;6,42324696353352
36;0;0;0;6,46302945692067
36;0;0;0;6,35262939631957
36;0;0;0;6,44094654063292
36;0;0;0;6,49978704065585
36;0;0;0;6,44413125670044
36;0;0;0;6,50279004591562
36;0;0;0;6,56526497003536
36;0;0;0;6,72743172485086
36;0;0;0;6,74170069465205
36;0;0;0;6,65801104587075
36;0;0;0;6,53233429222235
36;0;0;0;6,72383244082121
36;0;0;0;6,16120732169508
36;0;0;1;6,70686233660275
36;0;0;1;7,18538701558042
36;0;0;1;6,3491389913798
36;0;0;1;6,69208374250663
36;0;0;1;6,68085467879022
36;0;0;1;6,88755257166462
36;0;0;1;7,12367278520461
36;0;0;1;6,61338421837956
36;0;0;1;6,49828214947643
36;0;1;2;6,73221070646721
36;0;1;2;7,03085747611612
36;0;1;3;6,85856503479136
36;0;1;3;6,53233429222235
36;0;1;3;6,62406522779989
36;0;1;3;6,36990098282823
36;0;1;3;6,53378883793334
36;0;1;3;6,27476202124194
36;0;1;3;6,50428817353665
36;0;1;3;6,88346258641309
36;0;1;3;6,63987583382654
36;0;1;3;6,67834211465433
36;0;1;3;6,71538338633468
36;0;1;3;6,16331480403464
36;0;1;3;6,81563999007433
36;0;1;3;6,65415252018322
36;0;1;3;6,08677472691231
36;0;1;3;6,53813982376767
36;0;1;3;6,24027584517077
36;0;1;3;6,06842558824411
36;0;1;3;6,77650699237218
36;0;1;3;6,61338421837956
36;0;1;3;6,34388043412633
36;0;1;3;6,64248680136726
36;0;1;3;6,2709884318583
36;0;1;3;6,47697236288968
36;0;1;3;7,0343879299155
36;0;1;3;6,4150969591716
36;0;1;3;5,88887795833288
36;0;1;3;6,30261897574491
37;0;0;0;6,50428817353665
37;0;0;0;6,50428817353665
37;0;0;0;6,66695679242921
37;0;0;0;6,20455776256869
37;0;0;0;6,78558764500793
37;0;0;0;6,56244409369372
37;0;0;0;6,3491389913798
37;0;0;0;6,57228254269401
37;0;0;0;6,62539236800796
37;0;0;0;6,3491389913798
37;0;0;0;6,43133108193348
37;0;0;0;6,62936325343745
37;0;0;0;6,3750248198281
37;0;0;0;6,63594655568665
37;0;0;0;6,67456139181443
37;0;0;0;6,60258789218934
37;0;0;0;6,51619307604296
37;0;0;0;6,44413125670044
37;0;0;0;6,36302810354046
37;0;0;0;6,46925031679577
37;0;0;0;6,55250788703459
37;0;0;0;6,39859493453521
37;0;0;0;6,90775527898214
37;0;0;0;6,45047042214418
37;0;0;1;6,63725803128446
37;0;0;1;6,53524127101366
37;0;0;1;6,77078942390898
37;0;0;1;6,63725803128446
37;0;0;1;6,69826805411541
37;0;0;1;6,85646198459459
37;0;1;2;6,95749737087695
37;0;1;2;6,51025834052315
37;0;1;2;6,63200177739563
37;0;1;2;6,87729607149743
37;0;1;2;6,74405918631135
37;0;1;2;6,64248680136726
37;0;1;2;6,41673228251233
37;0;1;3;6,74875954749168
37;0;1;3;6,75227037614174
37;0;1;3;6,44094654063292
37;0;1;3;5,99396142730657
37;0;1;3;6,22851100359118
37;0;1;3;6,36990098282823
37;0;1;3;6,46769872610435
37;0;1;3;6,68461172766793
37;0;1;3;7,18159194461187
37;0;1;3;6,71901315438526
37;0;1;3;6,42971947803914
37;0;1;3;6,56244409369372
37;0;1;3;7,00488198971286
37;0;1;3;6,4707995037826
37;0;1;3;7,27378631784489
37;0;1;3;6,33327962813969
37;0;1;3;6,30444880242198
37;0;1;3;6,62406522779989
37;0;1;3;7,47363710849621
37;0;1;3;6,47389069635227
37;0;1;3;6,70563909486
37;0;1;3;6,45519856334012
37;0;1;3;6,3297209055227
38;0;0;0;6,59030104819669
38;0;0;0;6,94697599213542
38;0;0;0;5,99893656194668
38;0;0;0;6,73696695800186
38;0;0;0;6,81014245011514
38;0;0;0;7,07580886397839
38;0;0;0;6,51471269087253
38;0;0;0;6,35088571671474
38;0;0;0;6,84374994900622
38;0;0;0;6,2709884318583
38;0;0;0;6,55393340402581
38;0;0;0;5,99645208861902
38;0;0;0;6,10702288774225
38;0;0;0;6,35957386867238
38;0;0;0;6,51619307604296
38;0;0;0;6,69950034016168
38;0;0;0;7,21081845347222
38;0;0;0;6,65544035036765
38;0;0;0;6,97728134163075
38;0;0;0;6,21260609575152
38;0;0;0;6,45204895443723
38;0;0;0;6,36647044773144
38;0;0;1;6,42648845745769
38;0;0;1;6,90475076996184
38;0;0;1;6,88243747099785
38;0;0;1;6,56667242980324
38;0;0;1;6,84268328223842
38;0;0;1;6,30991827822652
38;0;0;1;6,55819780281227
38;0;0;1;6,42324696353352
38;0;1;2;6,82871207164168
38;0;1;2;6,57786135772105
38;0;1;2;6,42971947803914
38;0;1;2;6,39859493453521
38;0;1;3;6,51323011091231
38;0;1;3;6,49223983502047
38;0;1;3;6,63856778916652
38;0;1;3;6,45362499889269
38;0;1;3;6,43294009273918
38;0;1;3;6,74993119378857
38;0;1;3;6,22851100359118
38;0;1;3;6,51323011091231
38;0;1;3;6,48616078894409
38;0;1;3;6,84374994900622
38;0;1;3;6,83087423464618
38;0;1;3;6,58340922215876
38;0;1;3;6,65801104587075
38;0;1;3;6,3750248198281
38;0;1;3;6,49526555593701
38;0;1;3;6,51323011091231
38;0;1;3;6,36990098282823
38;0;1;3;6,56385552653213
38;0;1;3;6,13339804299665
38;0;1;3;6,79682371827486
38;0;1;3;6,36818718635049
38;0;1;3;6,67834211465433
38;0;1;3;6,57368016696065
38;0;1;3;6,29526600143965
38;0;1;3;6,49072353450251
38;0;1;3;6,62671774924902
39;0;0;0;6,53958595561767
39;0;0;0;6,83947643822884
39;0;0;0;6,40025744530882
39;0;0;0;6,51174532964473
39;0;0;0;6,58479139238572
39;0;0;0;6,49375383985169
39;0;0;0;6,31535800152233
39;0;0;0;6,41999492814714
39;0;0;0;6,66695679242921
39;0;0;0;6,30444880242198
39;0;0;0;6,61606518513282
39;0;0;0;6,4707995037826
39;0;0;0;6,61472560020376
39;0;0;0;6,7696419768525
39;0;0;0;6,51025834052315
39;0;0;0;6,53524127101366
39;0;0;0;6,77764659363512
39;0;0;0;6,29710931993394
39;0;0;0;6,35437004079735
39;0;0;0;6,46146817635372
39;0;0;1;7,30720231476474
39;0;0;1;7,00306545878646
39;0;0;1;6,54534966033442
39;0;0;1;6,51619307604296
39;0;0;1;7,00397413672268
39;0;0;1;6,62007320653036
39;0;0;1;6,59578051396131
39;0;0;1;7,13329595489607
39;0;0;1;6,69579891705849
39;0;0;1;6,63331843328038
39;0;1;2;6,64509096950564
39;0;1;2;6,361302477573
39;0;1;2;6,89770494312864
39;0;1;2;6,67329796776765
39;0;1;2;6,77650699237218
39;0;1;3;6,52795791762255
39;0;1;3;6,45362499889269
39;0;1;3;6,73101810048208
39;0;1;3;7,01031186730723
39;0;1;3;6,51767127291227
39;0;1;3;6,32076829425058
39;0;1;3;7,17625453201714
39;0;1;3;6,20455776256869
39;0;1;3;6,51174532964473
39;0;1;3;6,52356230614951
39;0;1;3;6,75460409948796
39;0;1;3;6,5206211275587
39;0;1;3;6,78105762593618
39;0;1;3;6,63331843328038
39;0;1;3;6,40357419793482
39;0;1;3;6,53813982376767
39;0;1;3;6,50578406012823
39;0;1;3;6,68835471394676
39;0;1;3;6,49375383985169
39;0;1;3;6,46925031679577
39;0;1;3;6,33859407820318
39;0;1;3;6,82762923450285
39;0;1;3;6,95081476844258
39;0;1;3;6,31716468674728
39;0;1;3;6,68710860786651
